Row Labels,Count of Transaction Date
ERROR,142
UNKNOWN,159
01/01/2023,20
02/01/2023,21
03/01/2023,21
04/01/2023,27
05/01/2023,38
06/01/2023,31
07/01/2023,24
08/01/2023,26
09/01/2023,25
10/01/2023,28
11/01/2023,23
12/01/2023,36
13/01/2023,24
14/01/2023,32
15/01/2023,25
16/01/2023,27
17/01/2023,30
18/01/2023,25
19/01/2023,17
20/01/2023,20
21/01/2023,27
22/01/2023,25
23/01/2023,23
24/01/2023,18
25/01/2023,37
26/01/2023,23
27/01/2023,26
28/01/2023,28
29/01/2023,32
30/01/2023,33
31/01/2023,26
01/02/2023,26
02/02/2023,20
03/02/2023,27
04/02/2023,25
05/02/2023,25
06/02/2023,40
07/02/2023,29
08/02/2023,22
09/02/2023,24
10/02/2023,31
11/02/2023,22
12/02/2023,22
13/02/2023,25
14/02/2023,19
15/02/2023,32
16/02/2023,31
17/02/2023,14
18/02/2023,27
19/02/2023,30
20/02/2023,30
21/02/2023,28
22/02/2023,23
23/02/2023,16
24/02/2023,27
25/02/2023,30
26/02/2023,25
27/02/2023,30
28/02/2023,27
01/03/2023,28
02/03/2023,27
03/03/2023,25
04/03/2023,23
05/03/2023,23
06/03/2023,26
07/03/2023,30
08/03/2023,28
09/03/2023,21
10/03/2023,28
11/03/2023,14
12/03/2023,22
13/03/2023,39
14/03/2023,23
15/03/2023,23
16/03/2023,34
17/03/2023,29
18/03/2023,30
19/03/2023,28
20/03/2023,27
21/03/2023,25
22/03/2023,23
23/03/2023,30
24/03/2023,26
25/03/2023,25
26/03/2023,35
27/03/2023,27
28/03/2023,31
29/03/2023,17
30/03/2023,32
31/03/2023,28
01/04/2023,27
02/04/2023,33
03/04/2023,17
04/04/2023,22
05/04/2023,21
06/04/2023,35
07/04/2023,22
08/04/2023,30
09/04/2023,31
10/04/2023,27
11/04/2023,26
12/04/2023,26
13/04/2023,23
14/04/2023,31
15/04/2023,29
16/04/2023,19
17/04/2023,30
18/04/2023,24
19/04/2023,24
20/04/2023,34
21/04/2023,33
22/04/2023,16
23/04/2023,31
24/04/2023,26
25/04/2023,25
26/04/2023,18
27/04/2023,15
28/04/2023,20
29/04/2023,23
30/04/2023,36
01/05/2023,25
02/05/2023,28
03/05/2023,25
04/05/2023,27
05/05/2023,33
06/05/2023,27
07/05/2023,18
08/05/2023,27
09/05/2023,24
10/05/2023,23
11/05/2023,30
12/05/2023,16
13/05/2023,20
14/05/2023,20
15/05/2023,26
16/05/2023,25
17/05/2023,29
18/05/2023,34
19/05/2023,22
20/05/2023,26
21/05/2023,32
22/05/2023,24
23/05/2023,24
24/05/2023,28
25/05/2023,17
26/05/2023,20
27/05/2023,25
28/05/2023,28
29/05/2023,25
30/05/2023,22
31/05/2023,27
01/06/2023,33
02/06/2023,28
03/06/2023,22
04/06/2023,20
05/06/2023,19
06/06/2023,33
07/06/2023,21
08/06/2023,27
09/06/2023,27
10/06/2023,30
11/06/2023,21
12/06/2023,29
13/06/2023,25
14/06/2023,23
15/06/2023,28
16/06/2023,40
17/06/2023,28
18/06/2023,37
19/06/2023,21
20/06/2023,25
21/06/2023,22
22/06/2023,19
23/06/2023,33
24/06/2023,32
25/06/2023,23
26/06/2023,26
27/06/2023,24
28/06/2023,35
29/06/2023,31
30/06/2023,36
01/07/2023,19
02/07/2023,29
03/07/2023,21
04/07/2023,23
05/07/2023,30
06/07/2023,25
07/07/2023,25
08/07/2023,28
09/07/2023,25
10/07/2023,28
11/07/2023,19
12/07/2023,30
13/07/2023,20
14/07/2023,24
15/07/2023,27
16/07/2023,27
17/07/2023,26
18/07/2023,27
19/07/2023,26
20/07/2023,30
21/07/2023,39
22/07/2023,14
23/07/2023,28
24/07/2023,39
25/07/2023,18
26/07/2023,32
27/07/2023,18
28/07/2023,29
29/07/2023,25
30/07/2023,15
31/07/2023,25
01/08/2023,18
02/08/2023,25
03/08/2023,25
04/08/2023,25
05/08/2023,23
06/08/2023,30
07/08/2023,36
08/08/2023,16
09/08/2023,28
10/08/2023,24
11/08/2023,33
12/08/2023,24
13/08/2023,25
14/08/2023,32
15/08/2023,25
16/08/2023,29
17/08/2023,33
18/08/2023,29
19/08/2023,24
20/08/2023,22
21/08/2023,30
22/08/2023,25
23/08/2023,28
24/08/2023,24
25/08/2023,20
26/08/2023,34
27/08/2023,24
28/08/2023,18
29/08/2023,28
30/08/2023,22
31/08/2023,24
01/09/2023,26
02/09/2023,29
03/09/2023,19
04/09/2023,22
05/09/2023,27
06/09/2023,35
07/09/2023,29
08/09/2023,30
09/09/2023,27
10/09/2023,33
11/09/2023,25
12/09/2023,31
13/09/2023,29
14/09/2023,22
15/09/2023,27
16/09/2023,26
17/09/2023,20
18/09/2023,24
19/09/2023,29
20/09/2023,23
21/09/2023,39
22/09/2023,20
23/09/2023,28
24/09/2023,15
25/09/2023,21
26/09/2023,28
27/09/2023,26
28/09/2023,25
29/09/2023,23
30/09/2023,30
01/10/2023,21
02/10/2023,26
03/10/2023,26
04/10/2023,29
05/10/2023,20
06/10/2023,31
07/10/2023,31
08/10/2023,35
09/10/2023,22
10/10/2023,24
11/10/2023,23
12/10/2023,20
13/10/2023,30
14/10/2023,21
15/10/2023,27
16/10/2023,28
17/10/2023,26
18/10/2023,18
19/10/2023,33
20/10/2023,32
21/10/2023,32
22/10/2023,37
23/10/2023,27
24/10/2023,29
25/10/2023,29
26/10/2023,33
27/10/2023,24
28/10/2023,29
29/10/2023,21
30/10/2023,29
31/10/2023,25
01/11/2023,24
02/11/2023,26
03/11/2023,26
04/11/2023,27
05/11/2023,17
06/11/2023,34
07/11/2023,36
08/11/2023,29
09/11/2023,27
10/11/2023,26
11/11/2023,17
12/11/2023,28
13/11/2023,24
14/11/2023,29
15/11/2023,26
16/11/2023,26
17/11/2023,21
18/11/2023,31
19/11/2023,30
20/11/2023,26
21/11/2023,21
22/11/2023,23
23/11/2023,36
24/11/2023,15
25/11/2023,31
26/11/2023,31
27/11/2023,23
28/11/2023,23
29/11/2023,25
30/11/2023,26
01/12/2023,29
02/12/2023,27
03/12/2023,31
04/12/2023,30
05/12/2023,25
06/12/2023,31
07/12/2023,22
08/12/2023,26
09/12/2023,34
10/12/2023,24
11/12/2023,18
12/12/2023,20
13/12/2023,20
14/12/2023,24
15/12/2023,24
16/12/2023,29
17/12/2023,26
18/12/2023,25
19/12/2023,25
20/12/2023,21
21/12/2023,26
22/12/2023,32
23/12/2023,22
24/12/2023,33
25/12/2023,28
26/12/2023,26
27/12/2023,24
28/12/2023,21
29/12/2023,25
30/12/2023,27
31/12/2023,20
(blank),
Grand Total,9841
